C:q304_cropCultLand,D:q401_soilTexture,D:q405_drainClass,D:q406_soilPerception,D:q407_prevCrop,D:q413_pcropresidue,D:q415_varType,D:q416_cropEst,D:q417_IrriCrpEst,D:q418_LandPrep,D:q421_seedingSowingTransDate,F:firstTopDressFert,F:totAmtNPK,F:totAmtSSP,F:totAmtTSP,F:totAmtZnSO4,F:totAmtGypsum,F:totAmtBoron,H:q5505_insecticides,H:q5508_pesticides,H:q5511_lodgingPercent,I:herbapp,I:manualWeedTimes,K:q601_harvestDate,K:cropDurationDays,K:q602_harvestMethod,K:q603_CropResidue,M:newMgmtUse,K:tonPerHectare
15.0,0,0,0,2,1,1,3,1,14,171,2,0,0,0,3.0,0,0.0,1,1,0,1,0,270,99,0,2,9,4.75
15.0,0,0,1,2,1,1,3,1,3,171,2,0,0,0,0.0,0,0.0,1,1,0,1,0,270,99,0,2,1,4.75
15.0,0,0,0,2,1,1,3,1,2,173,2,0,0,0,3.0,0,0.0,1,1,0,1,0,270,97,0,2,10,4.75
7.0,0,1,2,2,2,0,3,1,0,249,2,0,0,0,2.0,0,0.0,0,0,10,0,0,69,116,0,2,26,5.0
5.0,0,0,0,2,1,0,2,1,8,249,2,0,0,0,13.0,0,0.0,1,1,5,1,0,300,140,0,1,11,4.5
8.0,0,1,0,2,1,0,2,1,8,340,2,0,0,0,12.0,0,0.0,1,1,90,1,0,300,137,0,1,11,4.0
12.0,0,1,2,2,1,0,2,1,8,310,2,0,0,0,15.0,0,0.0,1,1,5,1,0,301,139,0,1,11,4.5
9.0,0,1,0,2,1,0,2,1,8,249,2,0,0,0,13.0,0,0.0,1,1,90,1,0,300,140,0,1,11,4.75
6.0,0,1,0,2,1,0,2,1,8,164,2,0,0,0,14.0,0,0.0,1,1,5,0,0,300,136,0,1,11,4.5
12.0,0,1,2,2,1,0,3,1,17,187,2,0,0,0,10.0,0,0.0,1,1,5,1,1,344,127,0,1,11,6.0
6.0,0,1,2,2,1,0,3,1,9,164,2,0,0,0,10.0,0,0.0,1,1,5,1,1,297,133,0,1,11,6.0
4.0,0,1,0,2,1,0,3,1,9,279,2,0,0,0,0.0,0,0.0,1,1,5,1,1,297,136,0,1,11,5.75
4.0,0,1,0,2,1,0,3,1,9,249,2,0,0,0,12.0,0,0.0,1,1,5,1,1,301,141,0,1,11,5.0
3.0,0,1,2,2,1,0,3,1,9,279,2,0,0,0,13.0,0,0.0,1,1,10,1,1,300,139,0,1,11,5.25
5.0,0,1,2,2,1,0,2,1,9,165,2,0,0,0,12.0,0,0.0,1,1,10,1,1,296,131,0,1,11,5.75
2.0,0,1,2,2,1,0,3,1,9,164,2,0,0,0,12.0,0,0.0,1,1,5,1,1,295,131,0,1,11,5.0
5.0,0,1,2,2,1,0,3,1,9,340,2,0,0,0,15.0,0,0.0,1,1,10,1,1,286,123,0,1,11,5.75
7.0,0,1,2,2,1,1,3,1,17,249,2,0,0,0,10.0,0,0.0,1,1,5,1,1,292,132,0,1,11,5.5
5.0,0,1,0,2,1,1,3,1,12,340,2,0,0,0,10.0,0,0.0,1,1,5,1,1,290,127,0,1,11,5.75
8.0,0,1,2,2,1,1,3,1,12,340,2,0,0,0,10.0,0,0.0,1,1,10,1,1,291,128,0,1,11,5.25
3.0,0,1,2,2,1,1,3,1,9,279,2,0,0,0,10.0,0,0.0,1,1,90,1,1,289,-238,0,1,11,5.75
10.0,0,1,2,2,1,1,3,1,9,166,2,0,0,0,12.0,0,0.0,1,1,0,1,1,290,124,0,1,11,5.5
5.0,0,1,2,2,1,1,3,1,9,164,2,0,0,0,10.0,0,0.0,1,1,5,1,1,288,124,0,1,11,5.75
7.0,0,1,2,2,1,1,3,1,9,168,2,0,0,0,10.0,0,0.0,1,1,5,1,1,344,117,0,1,11,6.0
4.0,0,1,2,2,1,1,3,1,17,166,2,0,0,0,10.0,0,0.0,1,1,10,1,2,288,122,0,1,26,4.5
7.0,0,1,2,2,1,1,3,1,4,164,2,0,0,0,10.0,0,0.0,1,1,10,1,2,290,126,0,1,26,4.5
2.0,0,1,2,2,1,1,3,1,12,310,2,0,0,0,10.0,0,0.0,1,1,0,1,2,290,128,0,1,26,5.0
8.0,0,1,2,2,1,1,3,1,4,165,2,0,0,0,10.0,0,0.0,1,1,5,1,1,289,-241,0,1,26,4.75
4.0,0,1,2,2,1,1,3,1,4,164,2,0,0,0,10.0,0,0.0,1,1,5,1,1,289,125,0,1,26,4.75
2.0,0,1,2,2,1,1,3,1,4,340,2,0,0,0,10.0,0,0.0,1,1,0,1,1,289,126,0,1,25,4.75
4.0,0,1,2,2,1,1,3,1,9,279,2,0,0,0,10.0,0,0.0,1,1,0,1,2,289,128,0,1,5,5.0
4.0,0,1,2,2,1,1,3,1,17,167,2,0,0,0,10.0,0,0.0,1,1,90,1,1,289,122,0,1,11,4.75
14.0,0,1,2,2,1,1,3,1,17,164,2,0,0,0,10.0,0,0.0,1,1,5,1,2,289,125,0,1,11,4.5
8.0,0,1,2,2,1,1,3,1,12,164,2,0,0,0,10.0,0,0.0,1,1,5,1,1,289,125,0,1,26,4.5
13.0,0,1,2,2,1,1,3,1,4,171,2,0,0,0,10.0,0,0.0,1,1,0,1,1,222,110,0,1,26,4.75
14.0,0,1,2,2,1,1,3,1,17,166,2,0,0,0,15.0,0,0.0,1,1,5,1,1,344,119,0,1,11,4.5
6.0,0,1,2,2,1,1,3,1,9,167,13,0,0,0,10.0,0,0.0,1,1,0,1,1,289,122,0,1,25,5.0
7.0,0,1,2,2,1,1,3,1,4,164,2,0,0,0,10.0,0,0.0,1,1,0,1,1,290,126,0,1,26,4.75
4.0,0,1,0,2,1,0,2,1,8,164,2,0,0,0,15.0,0,0.0,1,1,5,0,0,299,135,0,1,11,4.0
10.0,0,1,0,2,1,0,3,1,17,167,2,25,0,0,0.0,0,0.0,1,0,90,1,2,283,116,0,1,17,6.25
5.0,0,1,2,2,1,0,3,1,17,164,2,0,0,0,15.0,0,0.0,1,1,10,1,2,314,120,0,1,19,6.25
6.0,0,1,2,2,1,0,3,1,4,166,2,0,0,0,10.0,0,0.0,1,1,5,1,2,289,-242,0,1,20,6.0
12.0,0,1,2,2,1,0,3,1,4,167,2,0,0,0,10.0,0,0.0,1,1,5,1,1,289,122,0,1,26,5.75
6.0,0,1,2,2,1,0,3,1,4,167,2,0,0,0,10.0,0,0.0,1,1,5,1,1,289,122,0,1,11,6.25
6.0,0,1,2,2,1,0,3,1,5,164,2,0,0,0,10.0,0,0.0,1,1,5,1,1,289,125,0,1,26,6.0
15.0,0,1,0,2,1,0,3,1,16,279,2,22,0,0,0.0,0,0.0,1,1,10,1,1,293,132,0,1,11,6.25
6.0,0,1,0,2,1,0,2,1,8,187,2,0,0,0,13.0,0,0.0,1,1,5,1,0,300,142,0,1,11,4.75
6.0,0,1,0,2,1,0,2,1,8,279,2,0,0,0,15.0,0,0.0,1,1,90,1,0,299,138,0,1,11,5.0
10.0,0,1,0,2,1,0,2,1,8,310,2,0,0,0,14.0,0,0.0,1,1,5,1,0,298,136,0,1,11,5.0
3.0,0,1,0,2,1,0,2,1,8,310,2,0,0,0,14.0,0,0.0,1,1,5,1,0,299,137,0,1,11,5.5
3.0,0,1,0,2,1,0,2,1,8,340,2,0,0,0,14.0,0,0.0,1,1,5,1,0,299,136,0,1,11,5.75
3.0,0,1,0,2,1,0,2,1,8,279,2,0,0,0,15.0,0,0.0,1,1,5,1,0,300,139,0,1,11,5.5
7.0,0,1,0,2,1,0,2,1,8,218,2,0,0,0,15.0,0,0.0,1,1,5,1,0,300,141,0,1,11,4.0
6.0,0,1,0,2,1,0,2,1,8,310,2,0,0,0,15.0,0,0.0,1,1,10,1,0,302,140,0,1,11,4.5
4.0,0,1,2,2,1,1,3,1,9,165,2,0,0,0,12.0,0,0.0,1,1,5,1,0,297,132,0,1,11,4.5
3.0,0,1,0,2,1,0,2,1,8,279,2,0,0,0,14.0,0,0.0,1,1,5,1,0,297,136,0,1,11,4.75
2.0,0,0,0,2,1,0,2,1,8,249,2,0,0,0,15.0,0,0.0,0,1,10,1,0,298,138,0,1,11,4.5
5.0,0,0,0,2,1,1,2,1,8,310,2,0,0,0,12.0,0,0.0,1,1,5,1,2,301,139,0,1,11,4.5
8.0,0,1,0,2,1,0,2,1,8,340,2,0,0,0,15.0,0,0.0,1,1,5,1,0,297,134,0,1,11,4.5
1.0,0,1,2,2,1,1,3,1,17,310,2,0,0,0,10.0,0,0.0,1,1,5,1,2,290,128,0,1,11,4.75
1.0,0,1,0,2,1,1,3,1,9,279,2,0,0,0,10.0,0,0.0,1,0,5,1,2,290,129,0,1,11,4.5
2.0,0,1,2,2,1,1,3,1,15,157,2,0,0,0,10.0,0,0.0,1,1,10,1,2,292,135,0,1,11,4.25
16.0,0,1,2,2,1,1,3,1,17,340,2,0,0,0,12.0,0,0.0,1,1,10,1,1,289,126,0,1,11,4.5
5.0,0,1,2,2,1,1,3,1,17,164,2,0,0,0,10.0,0,0.0,1,1,5,1,2,291,127,0,1,11,4.25
8.0,0,1,2,2,1,1,3,1,17,340,2,0,0,0,10.0,0,0.0,1,1,10,1,1,291,128,0,1,11,4.5
20.0,0,1,2,2,1,1,3,1,17,166,2,0,0,0,10.0,0,0.0,1,1,0,1,1,291,125,0,1,11,4.5
3.0,0,1,2,2,1,1,3,1,4,166,2,0,0,0,10.0,0,0.0,1,1,5,1,1,287,121,0,1,26,4.5
2.0,0,1,2,2,1,1,3,1,4,279,2,0,0,0,12.0,0,0.0,1,1,5,1,1,288,127,0,1,26,4.75
14.0,0,1,2,2,1,1,3,1,4,167,2,0,0,0,10.0,0,0.0,1,1,10,1,1,289,122,0,1,26,4.5
9.0,0,1,2,2,1,1,3,1,4,167,2,0,0,0,10.0,0,0.0,1,1,0,1,1,288,121,0,1,26,4.75
16.0,0,1,2,2,1,1,3,1,4,279,2,0,0,0,10.0,0,0.0,1,1,5,1,1,288,127,0,1,26,4.75
6.0,0,1,2,2,1,1,3,1,4,168,2,0,0,0,10.0,0,0.0,1,1,5,1,1,344,117,0,1,26,4.75
5.0,0,1,2,2,1,1,3,1,4,166,2,0,0,0,12.0,0,0.0,1,1,5,1,1,289,123,0,1,5,4.5
6.0,0,1,2,2,1,1,3,1,17,168,2,0,0,0,10.0,0,0.0,1,1,5,1,1,290,122,0,1,11,4.75
6.0,0,1,2,2,1,1,3,1,17,165,2,0,0,0,10.0,0,0.0,1,1,5,1,1,286,121,0,1,11,4.5
4.0,0,1,2,2,1,1,3,1,17,165,2,0,0,0,10.0,0,0.0,1,1,5,1,1,287,122,0,1,11,4.25
4.0,0,1,2,2,1,1,3,1,17,165,2,0,0,0,10.0,0,0.0,1,1,5,1,1,286,121,0,1,11,5.0
11.0,0,1,2,2,1,1,3,1,17,165,2,0,0,0,10.0,0,0.0,1,1,5,1,1,288,123,0,1,11,4.25
4.0,0,1,2,2,1,1,3,1,17,171,2,0,0,0,10.0,0,0.0,1,1,5,1,1,289,118,0,1,26,4.5
4.0,0,1,2,2,1,1,3,1,17,169,2,0,0,0,10.0,0,0.0,1,1,5,1,1,288,119,0,1,26,4.75
35.0,0,1,2,2,2,1,3,1,14,127,2,0,0,0,10.0,0,0.0,1,1,20,1,2,315,129,0,2,6,3.75
6.0,0,1,2,2,1,1,3,1,18,172,9,0,0,0,10.0,0,0.0,1,1,10,1,2,294,122,0,1,6,3.75
50.0,0,1,2,2,1,1,3,1,14,179,2,0,0,0,0.0,0,0.0,1,1,5,1,2,293,114,1,1,6,4.25
15.0,0,1,2,2,1,1,3,1,19,171,9,0,0,0,10.0,0,0.0,1,1,5,1,2,298,127,1,1,6,4.5
8.0,0,1,2,2,1,1,3,1,14,171,9,0,0,0,4.0,0,0.0,1,1,5,1,2,294,123,1,1,6,4.25
5.0,0,1,2,2,1,1,3,1,17,180,2,0,0,0,0.0,0,0.0,1,1,60,1,2,284,134,0,0,21,5.5
15.0,0,1,2,2,1,1,3,1,17,97,2,0,0,0,0.0,0,0.0,1,1,70,1,2,101,123,1,2,18,4.5
30.0,0,1,2,2,1,1,3,1,17,250,2,0,0,0,0.0,0,0.0,1,1,40,1,2,318,128,1,2,3,4.0
14.0,0,1,2,2,0,1,3,1,17,219,2,0,0,0,0.0,0,0.0,1,1,40,1,2,321,132,1,1,13,4.5
20.0,0,1,2,2,0,1,3,1,17,181,2,0,0,0,0.0,0,0.0,1,1,30,1,2,321,140,1,2,18,4.5
3.0,0,1,2,2,1,1,1,1,1,187,4,0,0,0,0.0,0,0.0,1,1,0,1,1,292,134,1,1,0,5.0
5.0,0,1,2,2,1,1,1,1,1,279,9,0,0,0,4.0,0,0.0,1,1,5,1,2,289,128,0,1,0,4.5
15.0,0,1,2,2,1,1,3,1,11,180,5,0,0,0,4.0,0,0.0,1,1,5,1,2,291,111,1,1,6,4.25
3.0,0,1,2,2,1,1,3,1,14,173,2,0,0,0,0.0,0,0.0,1,1,5,1,2,290,117,1,1,6,3.5
1.0,0,1,2,2,1,1,3,1,10,172,2,0,0,0,0.0,0,0.0,1,1,5,1,2,292,120,1,1,6,4.5
7.0,0,1,2,2,1,1,3,1,19,7,9,0,0,0,0.5,0,0.0,1,1,10,1,2,290,108,1,1,6,3.75
7.0,0,1,2,2,0,1,3,1,17,181,2,0,0,0,0.0,0,0.0,1,1,30,1,2,131,128,0,1,7,4.25
8.0,0,1,2,2,0,1,3,1,17,179,9,0,0,0,10.0,0,0.0,1,1,70,1,2,162,131,0,0,22,4.25
10.0,0,1,2,2,0,1,3,1,17,66,2,0,0,0,0.0,0,0.0,1,1,40,1,1,162,126,0,0,4,5.0
6.0,0,1,2,2,0,1,3,1,17,127,9,0,0,0,10.0,0,0.0,1,1,30,1,2,131,123,0,0,18,4.0
5.0,0,1,2,2,1,1,3,1,17,178,2,0,0,0,0.0,0,0.0,1,1,50,1,2,254,135,1,2,4,4.5
8.0,0,1,2,2,1,1,3,1,14,38,9,0,0,0,0.5,0,0.0,1,1,5,1,2,290,107,1,1,6,4.25
5.0,0,1,2,1,1,1,3,1,14,181,2,0,0,0,0.0,0,0.0,1,1,5,1,1,297,116,1,1,6,4.25
5.0,0,1,2,2,2,0,3,1,17,171,2,0,0,0,0.0,0,5.0,1,1,10,1,2,298,127,0,2,6,7.0
2.0,0,1,2,2,1,1,3,1,17,66,14,0,0,0,5.0,0,2.5,0,0,40,0,2,315,131,1,2,13,3.5
6.0,0,1,2,2,1,1,3,1,17,158,9,0,0,0,10.0,0,0.0,1,1,50,1,2,304,117,1,2,18,4.25
12.0,0,1,2,2,1,1,3,1,17,97,2,0,0,0,0.0,0,0.0,1,1,40,1,1,321,136,1,2,18,4.0
16.0,0,1,2,2,2,1,1,1,8,279,2,0,0,0,0.0,0,0.0,1,1,5,1,1,297,136,1,2,0,5.0
5.0,0,1,2,2,2,1,3,1,17,174,2,0,0,0,0.0,0,0.0,1,1,40,1,2,291,117,1,1,6,4.5
3.0,1,1,2,2,1,1,3,1,17,127,2,0,0,0,0.0,0,0.0,1,1,60,1,2,42,120,0,1,18,4.75
90.0,0,1,2,2,1,1,3,1,10,175,9,0,0,0,4.0,0,0.0,1,1,5,1,2,297,122,1,1,6,3.75
2.0,0,1,0,2,1,1,3,1,14,196,2,0,0,0,0.5,0,0.0,1,1,10,1,2,300,104,1,2,7,4.25
3.0,0,1,2,2,1,1,3,1,14,7,2,0,0,0,10.0,0,0.0,1,1,20,1,2,297,115,1,2,6,3.0
10.0,0,1,2,2,1,1,3,1,19,171,2,0,0,0,0.5,0,0.0,1,1,10,1,2,253,111,0,1,6,3.75
2.0,0,1,2,2,2,1,3,1,16,38,2,0,0,0,0.0,0,0.0,1,1,10,1,2,293,110,1,2,6,5.0
2.0,0,1,2,2,1,1,3,1,14,169,2,0,0,0,0.0,0,0.0,1,1,0,1,1,301,132,1,1,16,3.75
4.0,0,1,2,2,1,1,3,1,14,66,9,0,0,0,4.0,0,0.0,1,1,5,1,2,300,116,1,1,7,4.0
6.0,0,1,2,2,1,1,3,1,14,97,11,0,0,0,4.0,0,0.0,1,1,5,1,2,295,110,1,1,6,3.75
3.0,0,1,2,2,1,1,3,1,19,176,9,0,0,0,10.0,0,0.0,1,1,10,1,1,302,126,1,1,6,4.25
6.0,0,1,2,2,1,1,3,1,14,198,2,0,0,0,0.0,0,0.0,1,1,10,1,2,300,102,1,1,6,3.5
6.0,0,1,2,2,1,1,3,1,14,171,9,0,0,0,4.0,0,0.0,1,1,5,1,2,290,119,1,1,6,4.25
3.0,0,1,2,2,1,1,3,1,14,170,2,0,0,0,0.0,0,0.0,1,1,10,1,2,296,126,1,1,18,4.0
4.0,0,1,2,2,1,1,3,1,19,175,9,0,0,0,10.0,0,0.0,1,1,5,1,1,295,120,1,1,6,4.25
9.0,0,1,2,2,1,1,3,1,7,179,9,0,0,0,4.0,0,0.0,1,1,10,1,2,293,114,0,1,6,4.75
3.0,0,1,2,2,1,1,3,1,19,177,9,0,0,0,4.0,0,0.0,1,1,10,1,2,292,115,1,1,6,4.5
7.0,0,1,2,2,1,1,3,1,19,38,11,0,0,0,4.0,0,0.0,1,1,5,1,2,291,108,1,1,7,5.75
5.0,0,1,2,2,1,1,3,1,19,97,2,0,0,0,0.0,0,0.0,1,1,5,1,2,290,105,1,1,6,5.0
4.0,0,1,2,2,1,1,3,1,11,38,9,0,0,0,4.0,0,0.0,1,1,10,1,2,293,110,1,1,6,4.0
6.0,0,1,2,2,1,1,3,1,19,218,2,0,0,0,4.0,0,0.0,1,1,10,1,2,296,137,1,1,6,3.75
4.0,0,1,2,2,1,1,3,1,17,97,2,0,0,0,10.0,0,0.0,1,1,30,1,2,70,122,1,1,6,4.0
9.0,0,1,2,2,1,1,3,1,17,127,2,0,0,0,0.0,0,0.0,0,1,30,1,1,295,109,1,2,7,4.75
22.0,0,1,2,2,1,1,3,1,17,181,2,0,0,0,0.0,0,0.0,1,1,40,1,1,301,120,1,1,18,4.25
50.0,0,1,2,2,1,1,3,1,17,175,2,0,0,0,10.0,0,0.0,1,1,30,1,2,298,123,1,1,6,4.5
6.0,0,1,2,2,1,1,3,1,17,179,2,0,0,0,0.0,0,0.0,1,1,20,1,1,286,107,0,1,7,5.75
4.0,0,1,2,2,2,1,3,1,17,175,2,0,0,0,10.0,0,0.0,1,1,20,1,2,303,128,1,1,6,4.5
9.0,0,1,2,2,2,1,3,1,15,188,2,0,0,0,0.0,0,0.0,0,0,20,1,2,131,121,1,1,6,5.25
3.0,0,1,2,2,1,1,3,1,17,219,2,0,0,0,0.0,0,0.0,1,1,20,1,2,101,119,1,1,6,1.5
5.0,0,1,2,2,1,1,3,1,17,250,9,0,0,0,10.0,0,0.0,1,1,40,1,2,42,116,0,1,6,3.75
7.0,0,1,2,2,1,1,3,1,17,173,3,0,0,0,0.0,200,0.0,1,1,40,1,1,289,116,0,1,18,3.75
25.0,0,1,2,2,2,1,3,1,18,38,2,0,0,0,10.0,0,0.0,1,1,40,1,2,322,139,0,2,6,4.0
3.0,0,1,2,2,1,1,3,1,14,158,10,0,0,0,10.0,200,0.0,1,1,40,1,2,319,132,1,1,6,3.75
11.0,0,1,2,2,0,1,3,1,17,180,9,0,0,0,10.0,200,0.0,0,1,70,1,2,322,142,1,1,3,4.25
10.0,0,1,2,2,1,1,3,1,17,167,2,0,0,0,10.0,0,0.0,1,1,5,1,1,286,119,0,1,27,4.25
6.0,0,1,2,2,1,1,3,1,17,164,2,0,0,0,12.0,0,0.0,1,1,5,1,1,287,123,0,1,11,4.5
5.0,0,1,2,2,1,1,3,1,17,168,2,0,0,0,10.0,0,0.0,1,1,5,1,1,286,118,0,1,11,5.75
4.0,0,1,2,2,1,1,3,1,15,168,2,0,0,0,11.0,0,0.0,1,1,5,1,1,289,121,0,1,11,4.25
5.0,0,1,2,2,1,1,3,1,17,164,2,0,0,0,10.0,0,0.0,1,1,5,1,1,287,123,0,1,11,4.5
25.0,0,1,2,2,1,1,3,1,9,165,2,0,0,0,10.0,0,0.0,1,1,0,1,1,314,-246,0,1,26,4.5
10.0,0,1,2,2,1,1,3,1,4,166,2,0,0,0,10.0,0,0.0,1,1,5,1,1,289,123,0,1,5,4.25
2.0,0,1,2,2,1,1,3,1,4,340,2,0,0,0,12.0,0,0.0,1,1,5,1,1,289,126,0,1,26,4.75
2.0,0,1,2,2,1,1,3,1,19,208,9,0,0,0,4.0,0,0.0,1,1,5,1,2,162,102,1,1,6,3.75
1.0,0,1,2,2,1,1,3,1,14,176,9,0,0,0,4.0,0,0.0,1,1,10,1,2,298,122,1,1,6,4.25
5.0,0,1,2,2,1,1,3,1,14,180,9,0,0,0,4.0,0,0.0,1,1,5,1,1,298,118,1,1,6,4.5
2.0,0,1,2,2,1,1,3,1,14,180,2,0,0,0,0.0,0,0.0,1,1,5,1,2,294,114,1,1,6,4.5
1.0,0,1,2,2,1,1,3,1,14,177,2,0,0,0,0.0,0,0.0,1,1,0,1,1,299,122,1,1,6,4.25
3.0,0,1,2,2,1,1,3,1,14,181,2,0,0,0,0.0,0,0.0,1,1,10,1,2,295,114,1,1,6,3.0
1.0,0,1,2,2,1,1,3,1,14,173,2,0,0,0,0.0,0,0.0,1,1,5,1,2,296,123,1,1,6,4.0
19.0,0,1,2,2,1,1,3,1,19,181,9,0,0,0,4.0,0,0.0,1,1,5,1,2,294,113,1,1,6,3.75
60.0,0,1,2,2,1,1,3,1,14,172,2,0,0,0,0.0,0,0.0,1,1,5,1,2,296,124,1,1,6,4.5
4.0,0,1,2,2,1,1,3,1,14,174,2,0,0,0,0.0,0,0.0,1,1,10,1,2,293,119,1,1,6,4.5
5.0,0,1,2,2,1,1,3,1,14,177,9,0,0,0,4.0,0,0.0,1,1,10,1,1,294,117,1,1,6,3.75
2.0,0,1,2,2,1,1,3,1,14,175,9,0,0,0,10.0,0,0.0,1,1,10,1,2,290,115,1,1,6,3.75
2.0,0,1,2,2,1,1,3,1,14,66,9,0,0,0,4.0,0,0.0,1,1,10,1,2,293,109,0,1,6,3.75
6.0,0,1,2,2,1,1,3,1,14,280,9,0,0,0,4.0,0,0.0,1,1,10,1,1,293,102,1,1,6,4.0
1.0,0,1,2,2,1,1,3,1,14,178,9,0,0,0,4.0,0,0.0,1,1,10,1,2,300,122,1,1,6,4.5
15.0,0,1,2,2,1,1,3,1,14,173,9,0,0,0,10.0,0,0.0,1,1,10,1,2,296,123,1,1,6,4.5
8.0,0,1,2,2,1,1,3,1,14,171,9,0,0,0,10.0,0,0.0,1,1,5,1,2,294,123,1,1,6,4.0
8.0,0,1,2,2,1,1,3,1,14,173,9,0,0,0,4.0,0,0.0,1,1,10,1,2,295,122,1,1,6,4.25
5.0,0,1,2,2,1,1,3,1,14,181,9,0,0,0,4.0,0,0.0,1,1,10,1,2,290,109,0,1,6,3.75
7.0,0,1,2,2,1,1,3,1,14,181,2,0,0,0,0.0,0,0.0,1,1,10,1,2,295,114,1,1,6,4.25
10.0,1,1,2,2,1,1,3,1,14,97,2,0,0,0,0.0,0,0.0,1,1,10,1,2,291,106,1,1,6,3.75
6.0,0,1,2,2,1,1,3,1,14,250,2,45,0,0,10.0,0,0.0,1,1,10,1,2,300,110,1,1,7,5.0
7.0,0,1,2,2,2,1,3,1,14,197,2,0,0,0,10.0,0,0.0,1,1,5,1,3,223,115,1,2,7,5.0
2.0,0,1,2,2,1,1,3,1,4,166,2,0,0,0,10.0,0,0.0,1,1,0,1,1,288,122,0,1,11,4.5
12.0,0,1,2,2,1,1,3,1,17,178,2,0,0,0,0.0,0,0.0,1,1,40,1,2,301,123,0,1,6,5.5
13.0,0,1,2,2,0,1,3,1,17,158,2,0,0,0,0.0,0,0.0,1,1,10,1,2,302,115,1,1,6,4.25
18.0,0,1,2,2,1,1,3,1,17,178,9,0,0,0,10.0,0,0.0,1,1,30,1,2,101,130,0,0,6,3.25
10.0,0,1,2,2,1,1,3,1,17,219,2,0,0,0,0.0,0,0.0,1,1,40,1,2,131,120,0,0,6,3.25
6.0,0,1,2,2,1,1,3,1,17,188,2,0,0,0,10.0,0,0.0,1,1,20,1,2,304,116,1,1,18,5.25
7.0,0,1,2,2,1,1,3,1,17,280,2,0,0,0,0.0,0,0.0,1,1,40,1,2,131,118,1,1,18,4.75
12.0,0,1,2,2,0,1,3,1,17,180,2,0,0,0,0.0,0,0.0,1,1,40,1,1,70,127,1,1,6,4.5
3.0,0,1,2,2,1,1,3,1,4,167,2,0,0,0,10.0,0,0.0,1,1,5,1,1,288,121,0,1,24,4.25
3.0,0,1,2,2,1,1,3,1,17,166,2,0,0,0,10.0,0,0.0,1,1,5,1,1,288,122,0,1,11,4.75
3.0,0,1,2,2,1,1,3,1,17,157,2,0,0,0,10.0,0,0.0,1,1,5,1,1,222,124,0,1,11,4.25
6.0,0,1,2,2,1,1,3,1,17,169,2,0,0,0,10.0,0,0.0,1,1,5,1,1,293,124,0,1,11,4.25
8.0,1,1,2,2,1,1,3,1,17,167,2,0,0,0,10.0,0,0.0,1,1,5,1,1,288,121,0,1,11,4.75
6.0,0,1,2,2,1,1,3,1,17,340,2,0,0,0,10.0,0,0.0,1,1,5,1,1,283,120,0,1,11,4.5
4.0,0,1,2,2,1,1,3,1,17,165,2,0,0,0,10.0,0,0.0,1,1,5,1,1,130,113,0,1,5,4.5
25.0,0,1,2,2,1,1,3,1,17,219,2,25,25,0,0.0,0,0.0,1,1,20,1,2,292,103,1,1,18,5.5
10.0,0,1,2,2,1,1,3,1,17,250,2,0,0,0,0.0,0,0.0,1,1,30,1,2,131,119,1,1,18,6.0
12.0,0,1,2,2,2,1,3,1,17,181,2,0,0,0,0.0,0,0.0,1,1,30,1,1,292,111,1,1,6,5.0
4.0,0,1,2,2,1,1,3,1,17,188,2,0,0,0,0.0,0,0.0,1,1,40,1,2,101,120,1,1,6,4.5
2.0,0,1,2,2,0,1,3,1,17,219,2,0,0,0,0.0,0,0.0,1,1,30,1,2,162,121,1,1,6,4.75
7.0,0,1,2,2,0,1,3,1,17,188,2,0,0,0,0.0,0,0.0,1,1,40,1,2,299,111,1,1,6,4.5
3.0,0,1,2,1,1,1,3,1,12,311,2,0,0,0,0.0,0,0.0,1,1,20,1,2,11,113,1,1,6,5.0
5.0,0,1,2,2,1,1,3,1,17,178,2,0,0,0,0.0,0,0.0,1,1,10,1,1,299,121,0,1,18,5.0
6.0,0,1,2,2,1,1,3,1,17,177,2,0,0,0,0.0,0,0.0,1,1,10,1,2,301,124,1,1,6,4.75
4.0,0,1,2,2,1,1,3,1,17,158,2,0,0,0,0.0,0,0.0,1,1,10,1,2,42,119,1,1,6,5.0
5.0,0,1,2,2,2,1,3,1,17,219,2,0,0,0,0.0,0,0.0,1,1,5,1,2,302,113,1,1,18,4.25
4.0,0,1,2,2,2,1,3,1,17,209,2,0,0,0,0.0,0,0.0,1,1,20,1,2,70,98,0,0,6,5.0
4.0,0,1,2,2,2,1,3,1,17,180,2,0,0,0,0.0,0,0.0,1,1,10,1,2,303,123,0,0,6,5.5
8.0,0,1,2,2,1,1,3,0,17,171,2,0,0,0,10.0,0,0.0,1,1,5,1,1,288,117,0,1,11,4.25
2.0,0,1,2,2,1,1,3,1,14,199,6,0,5,0,4.0,0,0.0,1,1,10,1,1,302,103,1,1,7,3.75
2.0,0,1,2,2,1,1,3,1,14,66,5,0,0,0,4.0,0,0.0,1,1,5,1,2,292,108,1,1,6,3.5
11.0,0,1,2,2,1,1,3,1,14,174,11,0,0,0,4.0,0,0.0,1,1,10,1,2,297,123,1,1,6,3.75
11.0,0,1,2,2,1,1,3,1,14,171,9,0,0,0,4.0,0,0.0,1,1,5,1,2,291,120,0,1,6,7.0
2.0,0,1,2,2,1,1,3,1,14,280,2,0,0,0,0.0,0,0.0,1,1,20,1,2,319,128,1,1,6,3.25
3.0,0,1,2,2,1,1,3,1,14,219,9,0,0,0,4.0,0,0.0,1,1,20,1,2,254,124,1,1,6,3.75
3.0,0,1,2,2,1,1,3,1,14,158,9,0,0,0,4.0,0,0.0,1,1,20,1,2,192,124,1,1,6,3.5
5.0,0,1,2,2,1,1,3,1,14,175,7,0,0,5,4.0,0,0.0,1,1,10,1,2,294,119,1,1,6,3.75
4.0,0,1,2,2,1,1,3,1,14,310,11,0,0,0,4.0,0,0.0,1,1,5,1,1,100,115,0,2,6,7.0
8.0,0,1,2,2,1,1,3,1,14,166,9,0,0,0,10.0,0,0.0,1,1,5,1,2,291,125,0,2,6,7.25
3.0,0,1,2,2,1,1,3,1,14,174,9,0,0,0,4.0,0,0.0,1,1,5,1,2,296,122,0,1,6,7.0
4.0,0,1,2,2,1,1,3,1,14,280,9,0,0,0,4.0,0,0.0,1,1,10,1,2,300,109,1,1,6,4.25
5.0,0,1,2,2,1,1,3,1,14,7,9,0,0,0,45.0,0,0.0,1,1,10,1,1,295,113,1,1,6,4.0
2.0,0,1,2,2,1,1,3,1,14,158,9,0,0,0,4.0,0,0.0,1,1,20,1,2,162,123,1,1,7,3.75
6.0,0,1,2,2,1,1,1,0,1,65,5,0,0,0,4.0,0,0.0,1,1,10,1,0,287,133,0,1,2,4.5
3.0,0,1,2,2,1,1,3,1,14,178,2,0,0,0,0.0,0,0.0,1,1,10,1,2,294,116,1,1,6,3.75
12.0,0,1,2,2,1,1,0,0,6,151,9,0,0,0,4.0,0,0.0,1,1,10,1,1,288,137,1,1,2,3.5
7.0,0,1,2,2,1,1,3,1,14,38,2,0,0,0,0.0,0,0.0,1,1,10,1,2,297,114,1,1,6,4.0
4.0,0,1,2,2,1,1,3,1,14,219,9,0,0,0,4.0,0,0.0,1,1,10,1,2,303,114,1,1,6,4.25
6.0,0,1,2,2,1,1,3,1,14,181,9,0,0,0,4.0,0,0.0,1,1,10,1,2,293,112,0,2,6,3.75
3.0,0,1,2,2,1,1,3,1,14,179,2,0,0,0,0.0,0,0.0,1,1,10,1,2,296,117,1,1,6,4.0
21.0,0,1,2,2,1,1,1,0,10,148,9,0,0,0,4.0,0,0.0,1,1,5,1,0,283,135,0,1,6,8.0
15.0,0,1,2,2,1,1,3,1,14,169,9,0,0,0,4.0,0,0.0,1,1,5,1,2,288,119,0,1,6,7.5
2.0,0,1,2,2,1,1,3,1,14,178,9,0,0,0,4.0,0,0.0,1,1,10,1,2,295,117,1,1,6,4.25
8.0,0,1,2,2,1,1,3,0,14,179,9,0,0,0,4.0,0,0.0,1,1,10,1,2,293,114,1,1,6,3.75
26.0,0,1,2,2,1,1,1,0,10,37,9,0,0,0,4.0,0,0.0,1,1,10,1,1,287,134,1,1,6,3.75
5.0,0,1,2,2,1,1,3,1,14,176,9,0,0,0,4.0,0,0.0,1,1,10,1,1,294,118,1,1,6,4.0
5.0,0,1,2,2,1,1,3,1,14,311,9,0,0,0,4.0,0,0.0,1,1,10,1,2,301,109,1,1,6,4.25
8.0,0,1,2,2,2,1,1,0,1,149,9,0,0,0,7.0,0,0.0,1,1,5,1,1,296,147,0,2,0,5.5
8.0,0,1,2,2,2,1,3,1,14,97,9,0,0,0,10.0,0,0.0,1,1,0,1,2,293,108,0,2,18,6.0
12.0,0,1,2,2,2,1,3,1,14,196,12,0,0,0,4.0,0,0.0,1,1,10,1,1,303,107,0,2,6,3.75
8.0,0,1,2,2,1,1,3,1,14,172,12,0,0,0,4.0,0,0.0,1,1,5,1,1,299,127,1,1,6,3.75
4.0,0,1,2,2,1,1,3,1,14,195,2,0,0,0,0.0,0,0.0,1,1,10,1,1,317,122,0,1,6,3.25
4.0,0,1,2,2,1,1,3,1,14,198,9,0,0,0,4.0,0,0.0,1,1,5,1,2,162,112,1,1,6,3.5
20.0,0,1,2,2,2,1,3,1,14,38,9,0,0,0,4.0,0,0.0,1,1,5,1,2,300,117,1,1,6,4.25
2.0,0,2,2,2,1,1,3,1,15,196,2,0,0,0,10.0,0,0.0,1,1,20,1,2,321,125,1,1,6,4.0
5.0,0,1,2,2,2,1,3,1,17,181,2,0,0,0,0.0,0,0.0,1,1,60,1,2,322,141,1,2,21,4.25
30.0,0,1,0,2,2,1,3,1,17,177,2,0,0,0,0.0,0,0.0,1,1,60,1,1,321,144,1,2,14,4.25
30.0,0,1,2,2,0,1,3,1,17,179,2,0,0,0,10.0,0,0.0,1,1,50,1,2,320,141,1,2,21,4.5
4.0,0,1,2,2,2,1,3,1,17,188,2,0,0,0,0.0,0,0.0,1,1,40,1,2,324,136,1,2,22,4.0
10.0,0,2,0,2,1,0,2,1,8,340,2,0,0,0,12.0,0,0.0,1,1,5,0,0,298,135,0,1,12,5.0
8.0,0,1,0,2,1,0,2,1,8,164,2,0,0,0,15.0,0,0.0,1,1,5,0,0,302,138,0,1,11,3.75
5.0,0,0,0,2,1,0,2,1,8,218,2,0,0,0,15.0,0,0.0,1,1,10,0,2,301,142,0,1,11,5.0
6.0,0,1,0,2,1,0,2,1,8,164,2,0,0,0,15.0,0,0.0,0,1,10,0,0,300,136,0,1,11,3.75
3.0,0,1,0,2,1,0,2,1,8,340,2,0,0,0,12.0,0,0.0,1,1,10,0,0,303,140,0,1,11,5.0
2.0,0,1,0,2,1,0,2,1,8,168,2,0,0,0,14.0,0,0.0,1,1,5,0,0,300,132,0,1,11,5.0
8.0,0,2,0,2,1,0,2,1,8,279,2,0,0,0,15.0,0,0.0,1,1,5,1,0,300,139,0,1,11,4.5
6.0,0,0,0,2,1,0,2,1,8,187,2,0,0,0,13.0,0,0.0,1,1,90,1,0,300,142,0,1,11,4.0
7.0,0,1,2,2,1,0,3,1,4,166,2,0,0,0,25.0,0,0.0,1,1,20,1,0,288,-243,0,1,17,5.0
3.0,0,1,2,2,1,0,3,1,17,329,2,0,0,0,10.0,0,0.0,1,1,5,1,1,289,-40,0,1,11,6.0
4.0,0,1,2,2,1,0,3,1,4,167,2,0,0,0,40.0,0,0.0,1,1,5,1,1,289,122,0,1,26,5.75
8.0,0,1,2,2,1,0,3,1,4,169,2,0,0,0,10.0,0,0.0,1,1,10,1,1,314,115,0,1,11,5.5
6.0,0,1,2,2,1,0,3,1,17,167,2,0,0,0,10.0,0,0.0,1,1,5,1,1,222,114,0,1,11,7.25
13.0,0,1,2,2,1,0,3,1,12,166,2,0,0,0,10.0,0,0.0,1,1,5,1,1,289,123,0,1,11,7.25
4.0,0,1,2,2,1,0,3,1,17,169,2,0,0,0,10.0,0,0.0,1,1,5,1,1,286,117,0,1,11,5.5
15.0,0,1,2,2,1,0,3,1,17,330,2,0,0,0,10.0,0,0.0,1,1,5,1,1,292,-38,0,1,11,5.5
12.0,0,1,2,2,1,0,3,1,17,170,2,0,0,0,10.0,0,0.0,1,1,5,1,1,287,117,0,1,11,5.5
6.0,0,1,2,2,1,0,3,1,17,165,2,0,0,0,10.0,0,0.0,1,1,5,1,1,289,124,0,1,11,5.5
10.0,0,1,2,2,1,0,3,0,17,169,2,0,0,0,10.0,0,0.0,1,1,5,1,1,286,117,0,1,11,5.5
8.0,0,1,2,2,1,0,3,1,17,166,2,0,0,0,10.0,0,0.0,1,1,5,1,1,286,120,0,1,11,5.5
6.0,0,1,2,2,1,0,3,1,17,168,2,0,0,0,11.0,0,0.0,1,1,5,1,1,344,117,0,1,11,5.5
8.0,0,1,2,2,1,0,3,1,17,340,2,0,0,0,10.0,0,0.0,1,1,5,1,1,344,122,0,1,11,5.75
12.0,0,1,2,2,1,0,3,0,17,166,2,0,0,0,10.0,0,0.0,1,1,5,1,1,286,120,0,1,11,5.5
9.0,0,1,2,2,1,0,3,0,17,167,2,0,0,0,18.0,0,0.0,1,1,5,1,1,289,122,0,1,11,6.25
6.0,0,1,2,2,1,0,3,0,17,168,2,0,0,0,10.0,0,0.0,1,1,5,1,1,290,122,0,1,11,5.5
12.0,0,1,2,2,1,0,3,1,17,166,2,0,0,0,10.0,0,0.0,1,1,5,1,1,288,122,0,1,11,5.5
15.0,0,1,2,2,1,0,3,0,17,168,2,0,0,0,45.0,0,0.0,1,1,5,1,1,287,119,0,1,11,5.5
10.0,0,1,2,2,1,0,3,1,17,168,2,0,0,0,10.0,0,0.0,1,1,5,1,1,287,119,0,1,26,5.25
6.0,0,1,2,2,1,0,3,1,4,169,2,0,0,0,10.0,0,0.0,1,1,5,1,1,290,121,0,1,5,5.0
7.0,0,1,2,2,1,0,3,1,4,165,2,0,0,0,10.0,0,0.0,1,1,0,1,2,290,125,0,1,26,5.75
3.0,0,1,2,2,1,0,3,1,4,166,2,0,0,0,10.0,0,0.0,1,1,5,1,1,290,124,0,1,26,5.75
3.0,0,1,2,2,1,0,3,1,17,165,2,0,0,0,10.0,0,0.0,1,1,5,1,1,287,122,0,1,11,5.75
2.0,0,1,2,2,1,0,3,0,17,170,2,0,0,0,10.0,0,0.0,1,1,5,1,1,288,118,0,1,11,6.0
10.0,0,1,2,2,1,0,3,0,17,168,2,0,0,0,10.0,0,0.0,1,1,5,1,1,314,116,0,1,11,5.5
6.0,0,1,2,2,1,0,3,0,17,170,2,0,0,0,10.0,0,0.0,1,1,5,1,1,292,122,0,1,11,5.5
12.0,0,1,2,2,1,0,3,1,17,171,2,0,0,0,10.0,0,0.0,1,1,5,1,1,288,117,0,1,11,5.5
8.0,0,1,2,2,1,0,3,0,17,171,2,0,0,0,10.0,0,0.0,1,1,5,1,1,293,122,0,1,26,5.75
15.0,0,1,2,2,1,0,3,1,17,165,2,0,0,0,10.0,0,0.0,1,1,0,1,1,253,117,0,1,11,5.75
16.0,0,1,2,2,1,0,3,1,17,166,2,0,0,0,10.0,0,0.0,1,1,5,1,1,286,120,0,1,11,5.25
6.0,0,1,2,2,1,0,3,1,4,167,2,0,0,0,12.0,0,0.0,1,1,5,1,1,344,118,0,1,11,5.75
2.0,0,1,2,2,1,0,3,1,17,168,2,0,0,0,10.0,0,0.0,1,1,5,1,1,289,121,0,1,11,6.0
10.0,0,1,2,2,1,0,3,1,4,166,2,0,0,0,10.0,0,0.0,1,1,5,1,2,288,122,0,1,11,5.25
8.0,0,1,2,2,1,0,3,1,5,168,2,0,0,0,10.0,0,0.0,1,1,5,1,2,289,121,0,1,11,5.25
8.0,0,1,2,2,1,0,3,1,17,166,2,0,0,0,10.0,0,0.0,1,1,5,1,1,293,127,0,1,11,5.25
10.0,0,1,2,2,1,0,3,1,17,340,2,0,0,0,12.0,0,0.0,1,1,5,1,1,290,127,0,1,11,5.75
6.0,0,1,2,2,1,0,3,1,17,167,2,0,0,0,10.0,0,0.0,1,1,5,1,1,344,118,0,1,11,6.0
16.0,0,1,0,2,1,1,2,1,8,310,2,0,0,0,14.0,0,0.0,1,1,5,1,0,301,139,0,1,11,4.75
8.0,0,1,2,2,1,1,1,1,8,169,2,0,0,0,0.0,0,0.0,0,1,5,0,2,293,124,1,1,6,4.75
4.0,0,1,2,2,2,1,1,1,8,173,2,0,0,0,0.0,0,0.0,0,1,5,1,2,293,120,1,1,6,4.5
6.0,0,1,2,2,1,1,3,1,17,172,2,0,0,0,0.0,0,0.0,1,1,10,1,1,287,115,1,1,7,6.5
6.0,0,1,2,2,1,1,3,1,17,219,2,0,0,0,0.0,0,0.0,1,1,10,1,1,70,118,1,1,6,4.5
5.0,0,1,2,2,1,1,3,1,17,66,2,0,0,0,0.0,0,0.0,1,1,5,1,2,299,115,1,1,6,4.5
20.0,0,1,2,2,2,1,3,1,17,181,2,0,0,0,0.0,0,0.0,1,1,30,1,1,301,120,1,1,6,4.5
20.0,0,1,2,2,1,1,3,1,17,158,2,0,0,0,0.0,0,0.0,1,1,20,1,2,223,125,1,1,6,3.75
35.0,0,1,2,2,0,1,3,1,15,249,2,0,0,0,0.0,0,0.0,1,1,70,1,3,284,154,1,2,18,5.5
30.0,0,1,2,2,0,1,3,1,17,166,9,0,0,0,10.0,150,0.0,1,1,80,1,2,318,152,1,2,3,5.5
12.0,0,1,2,2,1,1,3,1,17,176,9,0,0,0,10.0,0,0.0,1,1,50,1,3,345,140,1,2,6,4.75
5.0,0,1,2,2,1,1,3,1,17,169,2,0,0,0,0.0,0,0.0,1,1,40,1,1,298,129,1,0,6,5.0
4.0,1,2,2,2,1,1,3,1,17,181,2,0,0,0,0.0,200,0.0,1,1,60,1,2,322,141,1,2,3,4.5
15.0,0,1,2,2,1,1,3,1,17,166,2,0,0,0,0.0,0,0.0,1,1,60,1,1,324,158,1,2,6,5.0
10.0,0,1,2,2,1,1,3,1,17,38,2,0,0,0,0.0,0,0.0,1,1,80,1,2,319,136,1,0,6,4.0
10.0,0,1,2,2,1,1,3,1,17,158,2,0,0,0,0.0,0,0.0,0,1,40,1,1,302,115,1,1,7,4.75
10.0,0,1,2,2,1,1,3,1,17,172,2,0,0,0,0.0,0,0.0,1,1,20,1,1,291,119,0,1,7,6.75
10.0,0,1,2,2,0,1,3,1,18,173,9,0,0,0,10.0,0,0.0,1,1,20,1,1,291,118,1,1,7,6.75
7.0,0,1,2,2,2,1,3,1,17,176,2,0,0,0,0.0,0,0.0,1,1,20,1,2,298,122,1,2,7,6.25
35.0,0,1,2,2,1,1,3,1,17,97,2,0,0,0,0.0,0,0.0,1,1,10,1,2,42,121,1,1,6,5.0
10.0,0,1,2,2,1,1,3,1,17,7,2,0,0,0,0.0,0,0.0,0,1,10,1,1,301,119,1,1,6,4.75
1.0,0,1,2,2,1,1,3,1,17,127,2,0,0,0,0.0,0,0.0,1,1,10,1,1,131,123,1,1,6,4.5
8.0,0,1,2,2,2,1,3,1,17,174,2,0,0,0,10.0,150,0.0,1,1,60,1,1,318,144,0,0,6,5.5
4.0,0,1,2,2,0,1,3,1,15,174,9,0,0,0,10.0,0,0.0,1,1,50,1,1,318,144,0,1,3,4.5
2.0,0,1,2,2,1,1,3,1,15,280,2,0,0,0,0.0,0,0.0,1,1,20,1,3,319,128,0,0,6,4.25
2.0,0,1,2,2,1,1,3,1,17,311,2,0,0,0,0.0,0,0.0,1,1,80,1,2,319,127,0,1,6,5.0
35.0,0,1,2,2,1,1,3,1,17,66,2,0,0,0,0.0,0,0.0,1,1,80,1,1,325,141,1,1,6,5.0
5.0,0,1,2,2,1,1,3,1,18,173,2,0,0,0,0.0,0,0.0,1,1,90,1,1,303,130,0,0,3,5.5
4.0,0,1,2,2,2,1,3,1,12,66,9,0,0,0,10.0,0,0.0,1,1,5,1,2,319,135,0,2,6,6.25
7.0,0,1,2,2,1,1,3,1,14,341,9,0,0,0,4.0,0,0.0,1,1,5,1,2,162,117,1,1,7,3.5
8.0,0,1,2,2,1,1,3,1,14,169,9,0,0,0,4.0,0,0.0,1,1,5,1,2,294,125,1,1,6,4.0
9.0,0,1,2,2,1,1,3,1,14,171,9,0,0,0,0.5,0,0.0,1,1,0,1,2,296,125,0,2,7,6.75
3.0,0,1,2,2,1,1,3,1,14,196,2,0,0,0,0.0,0,0.0,1,1,5,1,2,284,118,1,1,6,4.0
4.5,0,1,2,2,1,1,3,1,14,66,9,0,0,0,4.0,0,0.0,1,1,5,1,2,345,132,1,1,6,4.25
2.0,0,1,2,2,1,1,3,1,14,127,9,0,0,0,4.0,0,0.0,1,1,5,1,2,299,113,1,1,6,4.5
5.0,0,1,2,2,1,1,3,1,14,174,9,0,0,0,10.0,0,0.0,1,1,0,1,0,289,115,1,1,6,4.5
3.0,0,1,2,2,1,1,3,1,14,176,2,0,0,0,0.0,0,0.0,1,1,0,1,2,290,114,0,2,6,7.0
14.0,0,1,2,2,1,1,3,1,14,180,12,0,0,0,0.5,0,0.0,1,1,0,1,2,296,116,0,2,23,6.75
14.0,0,1,2,2,1,1,3,1,14,38,9,0,0,0,0.5,0,0.0,1,1,0,1,2,297,114,0,2,6,6.5
9.0,0,1,2,2,1,1,3,1,14,170,8,0,0,0,0.0,0,0.0,1,1,5,1,1,296,126,1,1,6,3.75
5.0,0,1,2,2,1,1,3,1,14,180,9,0,0,0,4.0,0,0.0,1,1,0,1,2,296,116,0,2,7,6.0
5.0,0,1,0,2,2,1,3,1,14,166,9,0,0,0,0.5,0,0.0,1,1,0,1,2,292,126,0,2,18,7.0
5.0,0,1,2,2,1,1,3,1,14,219,2,0,0,0,0.0,0,0.0,1,1,10,1,2,297,108,1,1,6,4.0
10.0,0,1,0,2,1,1,3,1,9,164,2,0,0,0,15.0,0,0.0,1,1,5,1,0,291,127,0,1,11,4.0
14.0,0,1,2,2,1,1,3,1,8,164,2,0,0,0,10.0,0,0.0,1,1,5,1,0,290,126,0,1,11,4.5
6.0,0,0,0,2,1,1,3,1,9,279,2,0,0,0,15.0,0,0.0,1,1,5,1,0,287,126,0,1,11,4.75
12.0,0,1,2,2,1,1,3,1,9,310,2,0,0,0,10.0,0,0.0,1,1,5,1,0,289,127,0,1,11,4.5
7.0,0,1,2,2,1,1,3,1,8,279,2,0,0,0,14.0,0,0.0,1,1,5,1,0,292,131,0,1,11,5.0
3.0,0,1,2,2,1,1,3,1,4,166,2,0,0,0,10.0,0,0.0,1,1,10,0,0,295,129,0,1,11,4.5
5.0,0,1,2,2,1,1,3,1,9,166,2,0,0,0,10.0,0,0.0,0,0,5,0,0,294,128,0,1,11,4.0
12.0,0,1,2,2,1,1,3,1,9,165,2,0,0,0,10.0,0,0.0,1,1,5,1,0,292,127,0,1,11,4.75
8.0,0,2,0,2,1,0,2,1,8,340,2,0,0,0,15.0,0,0.0,1,1,5,1,0,301,138,0,1,11,4.0
16.0,0,1,2,2,1,1,3,1,8,165,2,0,0,0,10.0,0,0.0,1,1,5,1,0,287,122,0,1,11,5.0
10.0,0,1,2,2,1,1,3,1,9,279,2,0,0,0,10.0,0,0.0,1,1,5,1,0,290,129,0,1,11,5.0
6.0,0,0,2,2,1,1,3,1,9,279,2,0,0,0,13.0,0,0.0,1,1,5,1,0,302,141,0,1,11,5.0
12.0,0,1,2,2,1,1,3,1,8,340,2,0,0,0,10.0,0,0.0,1,1,5,1,0,290,127,0,1,11,4.5
15.0,0,1,2,2,1,1,3,1,9,249,2,0,0,0,14.0,0,0.0,1,1,10,1,0,288,128,0,1,11,4.5
10.0,0,1,0,2,1,1,3,1,9,310,2,0,0,0,10.0,0,0.0,1,1,0,1,1,291,129,0,1,8,4.5
12.0,0,1,0,2,1,1,3,1,8,165,2,0,0,0,10.0,0,0.0,1,1,5,1,1,294,129,0,1,11,5.0
15.0,0,1,2,2,1,1,2,1,9,310,2,0,0,0,10.0,0,0.0,1,1,5,1,1,288,126,0,1,11,4.0
6.0,0,1,2,2,1,1,3,1,9,340,2,0,0,0,10.0,0,0.0,1,1,10,1,1,294,131,0,1,11,5.0
8.0,0,1,0,2,1,1,3,1,8,279,2,0,0,0,10.0,0,0.0,1,1,5,1,0,288,127,0,1,11,4.5
10.0,0,1,2,2,1,1,3,1,8,310,2,0,0,0,10.0,0,0.0,1,1,5,1,0,287,125,0,1,11,5.0
7.0,0,1,2,2,1,1,2,1,9,164,2,0,0,0,14.0,0,0.0,1,1,5,1,0,300,136,0,1,11,5.5
8.0,0,1,0,2,1,1,3,1,13,165,2,45,0,0,30.0,0,0.0,0,0,90,0,1,222,116,0,1,17,6.25
10.0,0,1,0,2,1,1,2,1,8,164,2,0,0,0,10.0,0,0.0,1,1,5,1,0,291,127,0,1,11,4.5
12.0,0,0,0,2,1,0,2,1,8,164,2,0,0,0,14.0,0,0.0,1,1,10,1,0,300,136,0,1,11,4.5
15.0,0,1,2,2,1,1,2,1,8,169,2,0,0,0,10.0,0,0.0,1,1,5,1,0,293,124,0,1,15,5.0
8.0,0,1,2,2,1,1,2,1,8,279,2,0,0,0,15.0,0,0.0,1,1,5,1,0,302,141,0,1,12,3.75
6.0,0,1,0,2,1,1,2,1,8,249,2,0,0,0,15.0,0,0.0,1,1,5,1,0,301,141,0,1,11,4.75
4.0,0,1,0,2,1,1,2,1,8,164,2,0,0,0,13.0,0,0.0,1,1,10,1,0,302,138,0,1,11,4.0
8.0,0,1,2,2,1,1,3,0,17,66,2,0,0,0,10.0,0,0.0,1,1,5,1,1,191,96,0,1,26,4.5
5.0,0,1,2,2,1,1,3,0,17,164,2,0,0,0,10.0,0,0.0,1,1,5,1,1,41,111,0,1,26,4.25
3.0,0,1,2,2,1,1,3,1,17,168,2,0,0,0,10.0,0,0.0,1,1,5,1,1,290,122,0,1,26,6.0
8.0,0,1,2,2,1,1,3,0,17,310,2,0,0,0,55.0,0,0.0,1,1,5,1,1,289,127,0,1,26,6.0
3.0,0,1,2,2,1,1,3,0,17,170,2,0,0,0,10.0,0,0.0,1,1,5,1,1,288,118,0,1,26,6.0
6.0,0,1,2,2,1,1,3,0,17,126,2,0,0,0,10.0,0,0.0,1,1,5,1,1,10,118,0,1,26,6.0
6.0,0,1,2,2,1,1,3,0,17,6,2,0,0,0,10.0,0,0.0,1,1,5,1,1,162,158,0,1,26,6.0
8.0,0,1,2,2,1,1,3,1,17,168,2,0,0,0,10.0,0,0.0,1,1,5,1,1,287,119,0,1,26,5.75
10.0,0,1,2,2,1,1,3,1,17,310,2,0,0,0,10.0,0,0.0,1,1,5,1,1,283,121,0,1,26,6.0
12.0,0,1,2,2,1,1,3,1,17,168,2,0,0,0,10.0,0,0.0,1,1,5,1,1,288,120,0,1,26,5.75
8.0,0,1,2,2,1,1,3,1,17,170,2,0,0,0,10.0,0,0.0,1,1,5,1,1,161,109,0,1,26,6.0
6.0,0,1,2,2,1,1,3,1,17,168,2,0,0,0,10.0,0,0.0,1,1,5,1,0,291,123,0,1,26,6.0
7.0,0,1,2,2,1,1,3,1,4,170,2,0,0,0,10.0,0,0.0,1,1,5,1,1,314,114,0,1,26,5.75
5.0,0,1,2,2,1,1,3,1,17,169,2,0,0,0,10.0,0,0.0,1,1,5,1,1,292,123,0,1,26,5.5
8.0,0,1,2,2,1,1,3,1,8,279,2,0,0,0,13.0,0,0.0,1,1,90,1,0,292,131,0,1,11,4.5
12.0,0,1,2,2,1,1,2,1,8,279,2,0,0,0,10.0,0,0.0,1,1,5,1,1,289,128,0,1,11,4.75
20.0,0,1,0,2,1,1,3,1,0,279,2,0,0,0,0.0,0,0.0,1,0,20,1,2,288,127,0,1,11,4.0
7.0,0,1,0,2,1,1,3,1,17,166,2,0,0,0,40.0,0,0.0,1,1,90,1,1,289,123,0,1,17,4.5
8.0,0,1,2,2,1,1,3,1,12,169,2,0,0,0,10.0,0,0.0,1,1,20,1,1,287,118,0,1,17,4.25
10.0,0,1,2,2,1,1,3,1,9,340,2,0,0,0,10.0,0,0.0,1,1,10,1,1,288,125,0,1,26,4.5
10.0,0,1,2,2,2,1,3,1,17,219,2,0,0,0,0.0,0,0.0,1,1,80,1,1,320,131,0,2,3,4.25
21.0,0,1,2,2,0,0,3,1,15,38,9,0,0,0,10.0,0,0.0,1,1,80,1,1,318,135,0,0,18,4.25
35.0,0,1,2,2,2,1,3,1,17,181,2,0,0,0,0.0,0,0.0,1,1,70,1,2,162,129,0,2,6,4.0
8.0,0,1,2,0,2,0,3,1,17,181,2,0,0,0,0.0,0,0.0,1,1,90,1,2,297,116,1,2,21,4.75
9.0,0,1,2,2,2,1,3,1,17,341,0,0,0,0,0.0,0,0.0,1,1,60,1,2,102,145,1,2,6,4.0
6.0,0,1,2,2,2,1,3,1,17,181,2,0,0,0,0.0,0,0.0,1,1,60,1,1,300,119,0,2,18,4.0
8.0,0,1,2,2,2,1,3,1,17,174,2,0,0,0,10.0,0,0.0,1,1,60,1,2,101,134,0,1,4,4.25
11.0,0,1,2,2,1,1,3,1,17,168,2,0,0,0,0.0,0,0.0,1,1,80,1,1,223,144,0,0,4,4.25
11.0,0,1,2,2,0,1,3,1,17,181,9,0,0,0,10.0,0,0.0,1,1,20,1,2,291,110,0,1,18,4.0
11.0,0,1,2,2,1,1,3,1,17,181,2,0,0,0,0.0,0,0.0,1,1,10,1,1,294,113,0,1,6,4.0
1.5,0,1,2,2,0,1,3,1,17,127,2,0,0,0,0.0,0,0.0,1,1,5,1,1,192,125,1,2,6,3.75
4.0,0,1,2,2,1,1,3,1,13,188,2,0,0,0,0.0,0,0.0,1,1,10,1,2,101,120,1,1,6,4.0
7.0,0,1,2,2,2,1,3,1,17,97,2,0,0,0,0.0,0,0.0,1,1,10,1,1,298,113,1,1,6,4.25
18.0,0,1,2,2,0,1,3,1,17,38,9,0,0,0,10.0,0,0.0,1,1,90,1,2,284,131,0,2,18,3.75
6.0,0,1,0,2,1,0,3,1,15,279,2,0,0,0,0.0,0,0.0,1,1,20,0,3,301,140,0,1,11,5.0
7.0,0,1,0,2,1,0,3,1,17,167,1,90,0,0,22.5,0,0.0,1,0,20,0,2,302,135,0,1,8,3.75
6.0,0,1,0,2,1,0,3,1,17,164,2,45,0,0,22.5,0,0.0,1,0,20,1,2,302,138,0,1,11,3.75
3.0,0,1,2,2,1,1,3,1,17,165,2,45,0,0,10.0,0,0.0,1,0,20,1,2,304,139,0,1,11,3.5
6.0,0,1,2,2,1,1,3,1,12,169,2,0,0,0,10.0,0,0.0,0,1,0,1,1,290,121,0,1,11,4.5
8.0,0,1,2,2,1,1,3,1,4,169,2,0,0,0,10.0,0,0.0,1,1,0,1,1,291,122,0,1,11,4.5
6.0,0,1,2,2,1,1,3,1,4,168,2,0,0,0,10.0,0,0.0,1,1,0,1,1,291,123,0,1,11,4.25
5.0,0,1,0,2,1,1,3,1,17,164,2,0,0,0,10.0,0,0.0,1,1,0,1,1,287,123,0,1,11,4.5
7.0,0,1,0,2,1,1,3,1,17,166,2,0,0,0,0.0,0,0.0,1,1,5,1,1,297,131,0,1,11,4.0
8.0,0,1,2,2,1,1,3,1,4,170,2,0,0,0,10.0,0,0.0,0,1,5,1,1,292,122,0,1,11,4.25
10.0,0,1,2,2,1,1,3,1,17,166,2,0,0,0,10.0,0,0.0,1,1,0,1,1,290,124,0,1,11,4.5
9.0,0,1,2,2,1,1,3,1,4,169,2,0,0,0,10.0,0,0.0,1,1,0,1,1,290,121,0,1,11,4.25
12.0,0,1,2,2,1,1,3,1,4,170,2,0,0,0,20.0,0,0.0,1,1,0,1,1,291,121,0,1,11,4.5
9.0,0,1,2,2,1,1,3,1,4,167,2,0,0,0,10.0,0,0.0,1,1,5,1,1,290,123,0,1,26,4.5
6.0,0,1,0,2,1,1,3,1,9,310,2,0,0,0,0.0,0,0.0,1,1,10,1,1,299,137,0,1,11,3.75
5.0,0,1,2,2,1,1,3,1,17,168,2,0,0,0,10.0,0,0.0,1,1,5,1,1,290,122,0,1,11,4.5
6.0,0,1,2,2,1,1,3,1,4,167,2,0,0,0,10.0,0,0.0,1,1,5,1,1,288,121,0,1,11,4.25
4.0,0,1,2,2,1,1,3,1,12,169,2,0,0,0,10.0,0,0.0,1,1,5,1,1,290,121,0,1,11,4.5
6.0,0,1,2,2,1,1,3,1,4,168,2,0,0,0,10.0,0,0.0,1,1,5,1,1,289,121,0,1,11,4.25
3.0,0,1,2,2,1,1,3,1,4,169,2,0,0,0,10.0,0,0.0,1,1,0,1,1,289,120,0,1,11,4.5
11.0,0,1,0,2,1,1,3,1,4,169,2,0,0,0,10.0,0,0.0,1,1,0,1,1,292,123,0,1,11,4.5
